CompanyName,ContactName,CategoryName,Description,ProductName,UnitsInStock
"New Orleans Cajun Delights","Shelley Burke",Condiments,"Sweet and savory sauces, relishes, spreads, and seasonings","Chef Anton's Gumbo Mix",0
"Pavlova Ltd.","Ian Devling",Meat/Poultry,"Prepared meats","Alice Mutton",0
"Plutzer Lebensmittelgroßmärkte AG","Martin Bein",Meat/Poultry,"Prepared meats","Thüringer Rostbratwurst",0
"Formaggi Fortini s.r.l.","Elio Rossi","Dairy Products",Cheeses,"Gorgonzola Telino",0
"G'day Mate","Wendy Mackenzie",Meat/Poultry,"Prepared meats","Perth Pasties",0
