CompanyName,Address,City,Region,PostalCode,Phone
"Heli Süßwaren GmbH & Co. KG","Tiergartenstraße 5",Berlin,,10785,"(010) 9984510"
"Plutzer Lebensmittelgroßmärkte AG","Bogenallee 51",Frankfurt,,60439,"(069) 992755"
"Nord-Ost-Fisch Handelsgesellschaft mbH","Frahmredder 112a",Cuxhaven,,27478,"(04721) 8713"
"Aux joyeux ecclésiastiques","203 Rue des Francs-Bourgeois",Paris,,75004,"(1) 03.83.00.68"
"Escargots Nouveaux","22 rue H. Voiron",Montceau,,71300,85.57.00.07
"Gai pâturage","Bat. B 3 rue des Alpes",Annecy,,74000,38.76.98.06
