ProductName,QuantityPerUnit,UnitPrice,UnitsInStock
Konbu,"2 kg box",6.00,24
"Teatime Chocolate Biscuits","10 boxes x 12 pieces",9.20,25
Tunnbröd,"12 - 250 g pkgs.",9.00,61
"Guaraná Fantástica","12 - 355 ml cans",4.50,20
Geitost,"500 g",2.50,112
"Jack's New England Clam Chowder","12 - 12 oz cans",9.65,85
"Rogede sild","1k pkg.",9.50,5
"Zaanse koeken","10 - 4 oz boxes",9.50,36
"Filo Mix","16 - 2 kg boxes",7.00,38
Tourtière,"16 pies",7.45,21
"Rhönbräu Klosterbier","24 - 0.5 l bottles",7.75,125
